Date,Open,High,Low,Close,Volume
2020-10-19,537.070007,541.799988,525.380005,530.719971,7567500.0
2020-10-20,528.140015,533.780029,522.26001,525.419983,10047200.0
2020-10-21,501.029999,506.850006,488.25,489.049988,17405700.0
2020-10-22,494.690002,495.140015,482.0,485.230011,6997900.0
2020-10-23,488.109985,490.059998,481.350006,488.279999,4927900.0
2020-10-26,487.029999,496.820007,478.899994,488.23999,6186100.0
2020-10-27,490.01001,490.48999,482.929993,488.929993,3627200.0
2020-10-28,486.359985,494.0,483.279999,486.23999,5992700.0
2020-10-29,488.5,513.900024,479.339996,504.209991,11120700.0
2020-10-30,502.01001,505.880005,472.209991,475.73999,7807900.0
2020-11-02,478.869995,486.299988,475.0,484.119995,4408200.0
2020-11-03,484.929993,495.309998,478.76001,487.220001,3690200.0
2020-11-04,495.359985,507.730011,493.980011,496.950012,5137300.0
2020-11-05,506.559998,518.72998,503.450012,513.76001,5372800.0
2020-11-06,515.0,515.210022,502.51001,514.72998,4236300.0
2020-11-09,485.540009,495.850006,467.26001,470.5,10419700.0
2020-11-10,470.950012,484.600006,463.410004,480.23999,8306100.0
2020-11-11,483.0,491.679993,478.26001,490.76001,5460500.0
2020-11-12,491.0,496.519989,480.429993,486.769989,5063700.0
2020-11-13,486.769989,488.940002,477.799988,482.839996,3002700.0
2020-11-16,480.0,485.579987,477.299988,479.100006,3953600.0
2020-11-17,480.119995,487.51001,478.850006,480.630005,3698100.0
2020-11-18,481.950012,488.609985,477.720001,481.790009,3629200.0
2020-11-19,482.0,487.799988,480.470001,484.670013,2254700.0
2020-11-20,485.220001,494.76001,481.570007,488.23999,4253400.0
2020-11-23,490.459991,491.149994,475.839996,476.619995,5416600.0
2020-11-24,478.839996,484.049988,475.890015,482.880005,3550500.0
2020-11-25,485.130005,486.899994,478.920013,485.0,3598600.0
2020-11-26,485.130005,486.899994,478.920013,485.0,3598600.0
2020-11-27,486.579987,493.25,481.850006,491.359985,2805800.0
2020-11-30,490.079987,492.549988,481.269989,490.700012,3530900.0
2020-12-01,492.339996,509.470001,491.980011,504.579987,5052700.0
2020-12-02,501.619995,506.799988,493.5,503.380005,3028400.0
2020-12-03,502.98999,508.769989,496.040009,497.519989,2826100.0
2020-12-04,497.5,504.5,493.640015,498.309998,3666200.0
2020-12-07,500.01001,517.76001,497.769989,515.780029,4289300.0
2020-12-08,517.900024,521.48999,505.549988,512.659973,4229000.0
2020-12-09,510.529999,514.5,491.290009,493.600006,4178800.0
2020-12-10,494.559998,503.769989,492.910004,501.089996,3018200.0
2020-12-11,495.0,503.339996,494.850006,503.220001,3210900.0
2020-12-14,505.440002,524.159973,501.179993,522.419983,5770400.0
2020-12-15,518.5,524.700012,513.559998,519.780029,3394900.0
2020-12-16,520.109985,527.380005,517.690002,524.830017,3682400.0
2020-12-17,529.0,535.48999,526.440002,532.900024,3193400.0
2020-12-18,533.200012,536.369995,526.02002,534.450012,4502700.0
2020-12-21,530.049988,532.619995,521.150024,528.909973,3894000.0
2020-12-22,527.690002,530.400024,520.5,527.330017,1906600.0
2020-12-23,524.76001,526.320007,514.200012,514.47998,2393200.0
2020-12-24,515.119995,519.349976,512.210022,513.969971,1144000.0
2020-12-25,515.119995,519.349976,512.210022,513.969971,1144000.0
2020-12-28,516.429993,523.659973,507.130005,519.119995,2891900.0
2020-12-29,519.900024,536.549988,515.47998,530.869995,4022400.0
2020-12-30,530.130005,533.26001,523.690002,524.590027,1876300.0
2020-12-31,525.530029,545.5,523.150024,540.72998,5392300.0
2021-01-01,525.530029,545.5,523.150024,540.72998,5392300.0
2021-01-04,539.0,540.799988,515.090027,522.859985,4444400.0
2021-01-05,521.549988,526.780029,515.890015,520.799988,3133900.0
2021-01-06,511.970001,513.099976,499.5,500.48999,5346200.0
2021-01-07,508.279999,516.440002,506.420013,508.890015,3686400.0
2021-01-08,511.309998,513.23999,504.51001,510.399994,2973900.0
2021-01-11,507.839996,510.730011,497.950012,499.100006,3806200.0
2021-01-12,500.0,501.089996,485.670013,494.25,5990400.0
2021-01-13,495.5,512.349976,493.01001,507.790009,5032100.0
2021-01-14,507.350006,514.5,499.579987,500.859985,4177400.0
2021-01-15,500.0,506.320007,495.100006,497.980011,5895800.0
2021-01-18,500.0,506.320007,495.100006,497.980011,5895800.0
2021-01-19,501.0,509.25,493.540009,501.769989,12315800.0
2021-01-20,565.419983,593.289978,556.859985,586.340027,32637500.0
2021-01-21,582.450012,588.75,570.400024,579.840027,11802100.0
2021-01-22,582.099976,583.98999,564.349976,565.169983,7550800.0
2021-01-25,567.0,569.75,548.650024,556.780029,7207300.0
2021-01-26,554.72998,567.98999,554.059998,561.929993,5023800.0
2021-01-27,550.710022,556.419983,515.72998,523.280029,8670300.0
2021-01-28,535.880005,553.150024,530.73999,538.599976,5969000.0
2021-01-29,538.0,541.0,530.179993,532.390015,4325300.0
2021-02-01,536.789978,545.059998,531.72998,539.039978,3547500.0
2021-02-02,542.01001,555.47998,538.929993,548.159973,3767600.0
2021-02-03,550.169983,550.47998,538.23999,539.450012,3172300.0
2021-02-04,539.809998,559.47998,537.51001,552.159973,5164500.0
2021-02-05,552.26001,554.440002,545.47998,550.789978,2376200.0
2021-02-08,555.0,555.0,543.700012,547.919983,2791700.0
2021-02-09,546.0,566.0,543.0,559.070007,3703500.0
2021-02-10,562.5,566.650024,553.460022,563.590027,3991300.0
2021-02-11,564.440002,565.929993,554.219971,557.590027,2730600.0
2021-02-12,556.940002,561.25,550.849976,556.52002,2197100.0
2021-02-15,556.940002,561.25,550.849976,556.52002,2197100.0
2021-02-16,557.289978,563.630005,552.72998,557.280029,2624100.0
2021-02-17,550.98999,555.25,543.030029,551.340027,2069600.0
2021-02-18,549.0,550.0,538.22998,548.219971,2456200.0
2021-02-19,548.0,548.98999,538.809998,540.219971,2841500.0
2021-02-22,534.98999,541.789978,530.789978,533.780029,3078600.0
2021-02-23,525.0,548.539978,518.280029,546.150024,4136500.0
2021-02-24,539.799988,556.849976,539.070007,553.409973,3245000.0
2021-02-25,550.27002,556.47998,535.75,546.700012,4252900.0
2021-02-26,546.51001,553.090027,538.0,538.849976,3755600.0
2021-03-01,545.570007,552.140015,542.0,550.640015,3041400.0
2021-03-02,553.340027,556.98999,546.02002,547.820007,3042200.0
2021-03-03,545.929993,548.01001,517.809998,520.700012,5362400.0
2021-03-04,521.5,531.5,507.679993,511.290009,5034800.0
2021-03-05,511.980011,517.76001,498.790009,516.390015,5070000.0
2021-03-08,514.460022,518.840027,492.850006,493.329987,3981800.0
2021-03-09,507.309998,513.109985,503.820007,506.440002,3470000.0
2021-03-10,513.5,518.969971,504.25,504.540009,3771500.0
2021-03-11,512.200012,530.23999,510.709991,523.059998,4714500.0
2021-03-12,512.5,526.51001,506.589996,518.02002,3981700.0
2021-03-15,516.320007,520.72998,508.029999,520.25,3484300.0
2021-03-16,524.469971,533.419983,523.210022,524.030029,3238900.0
2021-03-17,522.0,528.369995,514.299988,524.440002,2817400.0
2021-03-18,516.400024,517.900024,503.850006,504.790009,4094500.0
2021-03-19,504.959991,513.190002,501.630005,512.179993,4386400.0
2021-03-22,509.130005,529.309998,509.130005,523.109985,3360600.0
2021-03-23,529.869995,543.119995,529.400024,535.090027,5583500.0
2021-03-24,533.780029,534.419983,520.0,520.809998,4102200.0
2021-03-25,516.98999,518.530029,497.0,502.859985,4926800.0
2021-03-26,502.820007,508.720001,496.679993,508.049988,3467800.0
2021-03-29,505.660004,518.0,504.399994,513.950012,3330000.0
2021-03-30,510.51001,514.409973,506.910004,513.390015,2418100.0
2021-03-31,515.669983,528.130005,515.440002,521.659973,3503100.0
2021-04-01,529.929993,540.5,527.030029,539.419983,3938600.0
2021-04-02,529.929993,540.5,527.030029,539.419983,3938600.0
2021-04-05,540.01001,542.849976,529.22998,540.669983,3355900.0
2021-04-06,544.809998,554.169983,543.299988,544.530029,3474200.0
2021-04-07,543.5,549.640015,541.450012,546.98999,2151300.0
2021-04-08,551.130005,556.900024,547.570007,554.580017,4309800.0
2021-04-09,552.690002,556.900024,547.109985,555.309998,2894000.0
2021-04-12,551.049988,557.97998,549.580017,552.780029,2944100.0
2021-04-13,557.0,559.75,550.299988,553.72998,2720300.0
2021-04-14,554.869995,554.869995,538.530029,540.02002,3740300.0
2021-04-15,544.169983,553.48999,542.659973,549.219971,3139100.0
2021-04-16,550.539978,551.97998,539.51001,546.539978,3209100.0
2021-04-19,546.900024,556.440002,545.530029,554.440002,4288700.0
2021-04-20,554.419983,563.559998,546.299988,549.570007,11257600.0
2021-04-21,508.0,515.460022,503.600006,508.899994,22897400.0
2021-04-22,513.820007,513.960022,500.549988,508.779999,9061100.0
2021-04-23,509.01001,509.700012,500.700012,505.549988,7307700.0
2021-04-26,506.76001,510.480011,503.0,510.299988,4388800.0
2021-04-27,512.619995,512.98999,504.579987,505.549988,3761300.0
2021-04-28,505.200012,508.399994,503.339996,506.519989,3193000.0
2021-04-29,507.600006,509.290009,499.0,509.0,5127800.0
2021-04-30,505.0,514.549988,505.0,513.469971,4413200.0
2021-05-03,512.650024,518.950012,505.200012,509.109985,4091900.0
2021-05-04,510.779999,511.630005,496.790009,503.179993,4349500.0
2021-05-05,504.98999,507.779999,494.630005,496.079987,3129400.0
2021-05-06,495.98999,499.549988,491.369995,499.549988,3783700.0
2021-05-07,504.619995,508.549988,501.119995,503.839996,3132800.0
2021-05-10,502.0,503.149994,486.109985,486.690002,5131600.0
2021-05-11,479.75,497.98999,478.630005,495.079987,4401000.0
2021-05-12,486.829987,493.540009,482.700012,484.980011,4121500.0
2021-05-13,489.130005,490.779999,482.709991,486.660004,2712500.0
2021-05-14,487.859985,494.850006,486.589996,493.369995,2882500.0
2021-05-17,485.589996,492.709991,482.809998,488.940002,2705200.0
2021-05-18,488.399994,493.480011,486.190002,486.279999,2350500.0
2021-05-19,481.630005,488.570007,478.540009,487.700012,3349900.0
2021-05-20,489.549988,502.700012,488.980011,501.670013,3721200.0
2021-05-21,503.119995,505.399994,497.26001,497.890015,3322900.0
2021-05-24,501.049988,504.25,499.51001,502.899994,2412600.0
2021-05-25,506.0,506.369995,499.220001,501.339996,2699500.0
2021-05-26,502.339996,504.140015,500.5,502.359985,2465300.0
2021-05-27,501.799988,505.100006,498.540009,503.859985,3253800.0
2021-05-28,504.399994,511.76001,502.529999,502.809998,2910300.0
2021-05-31,504.399994,511.76001,502.529999,502.809998,2910300.0
2021-06-01,504.01001,505.410004,497.73999,499.079987,2482600.0
2021-06-02,499.820007,503.220001,495.820007,499.23999,2269000.0
2021-06-03,495.190002,496.660004,487.25,489.429993,3887400.0
2021-06-04,492.0,501.859985,490.950012,494.73999,3160500.0
2021-06-07,492.920013,496.700012,490.549988,494.660004,2791900.0
2021-06-08,497.0,498.820007,489.369995,492.390015,2374000.0
2021-06-09,494.5,496.089996,484.649994,485.809998,3055000.0
2021-06-10,487.170013,490.209991,482.140015,487.269989,4382900.0
2021-06-11,490.0,491.410004,487.779999,488.769989,3124000.0
2021-06-14,489.679993,503.5,486.910004,499.890015,4400200.0
2021-06-15,501.230011,501.230011,490.399994,491.899994,3104100.0
2021-06-16,495.0,496.459991,486.279999,492.410004,3533200.0
2021-06-17,490.25,501.799988,490.149994,498.339996,3198300.0
2021-06-18,496.399994,504.48999,495.23999,500.769989,5197600.0
2021-06-21,501.640015,502.049988,492.279999,497.0,5277300.0
2021-06-22,498.540009,513.549988,495.799988,508.820007,5809300.0
2021-06-23,508.480011,516.630005,508.200012,512.73999,3944800.0
2021-06-24,517.960022,520.960022,514.400024,518.059998,3361200.0
2021-06-25,528.840027,533.059998,525.0,527.070007,5299100.0
2021-06-28,528.119995,533.940002,524.559998,533.030029,2820200.0
2021-06-29,533.549988,536.130005,528.570007,533.5,2314600.0
2021-06-30,534.059998,534.380005,526.820007,528.210022,2773400.0
2021-07-01,525.719971,537.039978,525.719971,533.539978,2805400.0
2021-07-02,535.5,538.539978,529.390015,533.97998,1975500.0
2021-07-05,535.5,538.539978,529.390015,533.97998,1975500.0
2021-07-06,533.0,542.859985,533.0,541.640015,2775100.0
2021-07-07,544.23999,544.640015,531.659973,535.960022,2722500.0
2021-07-08,530.929993,535.5,529.090027,530.76001,3269000.0
2021-07-09,531.0,538.26001,528.580017,535.97998,2777200.0
2021-07-12,540.299988,540.650024,532.919983,537.309998,1780700.0
2021-07-13,535.76001,545.330017,535.76001,540.679993,2751600.0
2021-07-14,541.01001,554.099976,541.01001,547.950012,4659500.0
2021-07-15,553.969971,557.539978,538.200012,542.950012,5713900.0
2021-07-16,541.809998,544.059998,527.049988,530.309998,3442100.0
2021-07-19,526.049988,534.909973,522.23999,532.280029,3885800.0
2021-07-20,526.070007,536.640015,520.299988,531.049988,6930400.0
2021-07-21,526.130005,530.98999,505.609985,513.630005,11906800.0
2021-07-22,510.209991,513.679993,507.0,511.769989,4328100.0
2021-07-23,512.159973,517.409973,504.660004,515.409973,3820500.0
2021-07-26,514.380005,521.130005,509.01001,516.48999,2254500.0
2021-07-27,518.080017,521.950012,512.049988,518.909973,2759000.0
2021-07-28,521.820007,524.469971,516.97998,519.299988,2390500.0
2021-07-29,519.960022,520.780029,513.789978,514.25,1736000.0
2021-07-30,512.690002,519.789978,510.959991,517.570007,2537100.0
2021-08-02,519.0,519.849976,510.51001,515.150024,2096600.0
2021-08-03,514.390015,515.630005,505.369995,510.820007,2579400.0
2021-08-04,513.0,517.97998,510.369995,517.349976,2039400.0
2021-08-05,517.130005,525.409973,514.02002,524.890015,2556700.0
2021-08-06,524.0,526.840027,519.390015,520.549988,1919800.0
2021-08-09,521.150024,522.669983,517.98999,519.969971,1367800.0
2021-08-10,520.0,520.789978,512.969971,515.840027,1960500.0
2021-08-11,517.0,519.570007,509.769989,512.400024,1673900.0
2021-08-12,511.859985,513.0,507.200012,510.720001,1685700.0
2021-08-13,512.640015,521.440002,511.51001,515.919983,2177700.0
2021-08-16,515.23999,523.380005,512.299988,517.919983,2032800.0
2021-08-17,515.469971,520.789978,514.200012,518.909973,2309800.0
2021-08-18,520.0,526.380005,518.650024,521.869995,2582000.0
2021-08-19,522.73999,548.390015,521.869995,543.710022,7497300.0
2021-08-20,545.090027,551.390015,539.099976,546.880005,3776400.0
2021-08-23,545.97998,555.549988,543.73999,553.330017,2602000.0
2021-08-24,551.47998,555.309998,549.27002,553.409973,2109500.0
2021-08-25,550.159973,552.840027,545.450012,547.580017,2065600.0
2021-08-26,546.159973,552.599976,545.900024,550.119995,1595500.0
2021-08-27,551.599976,564.169983,549.25,558.919983,3252600.0
2021-08-30,557.25,567.159973,556.450012,566.179993,2434800.0
2021-08-31,566.119995,569.47998,561.609985,569.190002,2431900.0
2021-09-01,569.0,591.0,569.0,582.070007,5626200.0
2021-09-02,583.679993,598.76001,583.679993,588.549988,6179900.0
2021-09-03,585.799988,591.880005,583.140015,590.530029,2681200.0
2021-09-06,585.799988,591.880005,583.140015,590.530029,2681200.0
2021-09-07,594.690002,613.849976,593.98999,606.710022,5821400.0
2021-09-08,603.840027,615.599976,595.710022,606.049988,5424500.0
2021-09-09,606.469971,609.440002,596.549988,597.539978,2954200.0
2021-09-10,598.159973,609.450012,593.669983,598.719971,3950800.0
2021-09-13,598.570007,598.570007,582.780029,589.289978,3062900.0
2021-09-14,584.890015,587.280029,575.559998,577.76001,3457000.0
2021-09-15,578.169983,584.619995,575.369995,582.869995,2755600.0
2021-09-16,584.299988,587.47998,577.719971,586.5,1832000.0
2021-09-17,587.849976,590.280029,580.849976,589.349976,4145100.0
2021-09-20,586.789978,591.530029,568.080017,575.429993,3732200.0
2021-09-21,578.309998,581.880005,569.369995,573.140015,2250900.0
2021-09-22,579.690002,595.650024,579.690002,590.650024,4021800.0
2021-09-23,590.789978,599.320007,589.130005,593.26001,2526200.0
2021-09-24,592.5,592.97998,583.640015,592.390015,2126200.0
2021-09-27,587.950012,593.580017,576.929993,592.640015,2504700.0
2021-09-28,589.0,599.539978,580.159973,583.849976,4431100.0
2021-09-29,589.01001,609.880005,588.01001,599.059998,6221000.0
2021-09-30,608.049988,619.0,608.049988,610.340027,6612600.0
2021-10-01,604.23999,614.98999,597.51001,613.150024,4090800.0
2021-10-04,613.390015,626.130005,594.679993,603.349976,4995900.0
2021-10-05,606.940002,640.390015,606.890015,634.809998,9534300.0
2021-10-06,628.179993,639.869995,626.359985,639.099976,4580400.0
2021-10-07,642.22998,646.840027,630.450012,631.849976,3556900.0
2021-10-08,634.169983,643.799988,630.859985,632.659973,3272100.0
2021-10-11,633.200012,639.419983,626.780029,627.039978,2862500.0
2021-10-12,633.02002,637.659973,621.98999,624.940002,3227300.0
2021-10-13,632.179993,632.179993,622.099976,629.76001,2420300.0
2021-10-14,632.22998,636.880005,626.789978,633.799988,2671700.0
2021-10-15,638.0,639.419983,625.159973,628.289978,4116900.0
2021-10-18,632.099976,638.409973,620.590027,637.969971,4669100.0
2021-10-19,636.969971,641.0,632.299988,639.0,7633100.0
2021-10-20,625.570007,637.400024,617.150024,625.140015,10622000.0
2021-10-21,628.890015,654.01001,628.650024,653.159973,8437100.0
2021-10-22,651.809998,665.460022,651.809998,664.780029,6186000.0
2021-10-25,663.73999,675.880005,657.070007,671.659973,3833500.0
2021-10-26,673.76001,676.48999,662.77002,668.52002,2904800.0
2021-10-27,669.0,671.409973,661.849976,662.919983,2276900.0
2021-10-28,670.950012,676.799988,668.030029,674.049988,2859400.0
2021-10-29,673.059998,690.969971,671.23999,690.309998,3825300.0
2021-11-01,689.059998,689.969971,676.539978,681.169983,3110900.0
2021-11-02,683.109985,687.679993,673.820007,677.719971,3888600.0
2021-11-03,677.27002,689.390015,677.27002,688.289978,2334900.0
2021-11-04,685.890015,685.940002,665.5,668.400024,4865000.0
2021-11-05,663.969971,665.640015,645.01001,645.719971,5283500.0
2021-11-08,650.289978,656.0,643.789978,651.450012,2887500.0
2021-11-09,653.700012,660.5,650.52002,655.98999,2415600.0
2021-11-10,653.01001,660.330017,642.109985,646.909973,2405800.0
2021-11-11,650.23999,665.820007,649.710022,657.580017,2868300.0
2021-11-12,660.01001,683.340027,653.820007,682.609985,4198400.0
2021-11-15,681.23999,685.26001,671.48999,679.330017,2872200.0
2021-11-16,678.27002,688.359985,676.900024,687.400024,2077400.0
2021-11-17,690.0,700.98999,686.090027,691.690002,2732800.0
2021-11-18,691.609985,691.73999,679.73999,682.02002,2012900.0
2021-11-19,692.349976,694.159973,675.0,678.799988,2613700.0
2021-11-22,676.02002,679.47998,656.469971,659.200012,2764400.0
2021-11-23,658.179993,666.429993,646.049988,654.059998,2320200.0
2021-11-24,658.01001,661.440002,651.099976,658.289978,1867300.0
2021-11-25,658.01001,661.440002,651.099976,658.289978,1867300.0
2021-11-26,675.0,676.409973,660.669983,665.640015,2872500.0
2021-11-29,663.200012,667.98999,658.289978,663.840027,2529400.0
2021-11-30,668.200012,675.380005,640.01001,641.900024,5608900.0
2021-12-01,649.47998,654.52002,617.070007,617.77002,3882800.0
2021-12-02,617.099976,625.359985,612.880005,616.469971,3331100.0
2021-12-03,622.75,625.5,594.0,602.130005,4829300.0
2021-12-06,606.01001,617.289978,601.0,612.690002,3075700.0
2021-12-07,619.830017,628.890015,611.400024,625.580017,3125200.0
2021-12-08,630.0,632.460022,623.200012,628.080017,2220300.0
2021-12-09,627.580017,630.23999,610.440002,611.0,2376300.0
2021-12-10,616.780029,617.73999,605.880005,611.659973,2748800.0
2021-12-13,612.0,612.640015,599.52002,604.559998,2517900.0
2021-12-14,598.710022,602.289978,588.130005,597.98999,2984500.0
2021-12-15,598.179993,605.690002,584.51001,605.039978,2866200.0
2021-12-16,597.090027,602.830017,588.0,591.059998,3143200.0
2021-12-17,591.609985,593.25,581.73999,586.72998,4386900.0
2021-12-20,586.429993,602.880005,584.26001,593.73999,3358400.0
2021-12-21,597.539978,607.820007,593.859985,604.919983,2319400.0
2021-12-22,603.359985,614.820007,602.630005,614.23999,2335700.0
2021-12-23,616.400024,616.880005,607.570007,614.090027,1621100.0
2021-12-24,616.400024,616.880005,607.570007,614.090027,1621100.0
2021-12-27,615.0,615.0,609.25,613.119995,2061500.0
2021-12-28,614.950012,618.409973,609.690002,610.710022,1882800.0
2021-12-29,610.710022,613.97998,604.679993,610.539978,1287200.0
2021-12-30,612.98999,620.609985,611.23999,612.090027,1625100.0
2021-12-31,610.01001,614.080017,602.049988,602.440002,1995900.0
2022-01-03,605.609985,609.98999,590.559998,597.369995,3067500.0
2022-01-04,599.909973,600.409973,581.599976,591.150024,4393100.0
2022-01-05,592.0,592.840027,566.880005,567.52002,4148700.0
2022-01-06,554.340027,563.359985,542.01001,553.289978,5711800.0
2022-01-07,549.460022,553.429993,538.219971,541.059998,3382900.0
2022-01-10,538.48999,543.690002,526.320007,539.849976,4486100.0
2022-01-11,536.98999,543.909973,530.070007,540.840027,3077800.0
2022-01-12,544.27002,544.27002,532.02002,537.219971,3787400.0
2022-01-13,537.059998,540.789978,518.26001,519.200012,4475100.0
2022-01-14,517.599976,538.369995,511.880005,525.690002,7861100.0
2022-01-17,517.599976,538.369995,511.880005,525.690002,7861100.0
2022-01-18,520.080017,521.75,508.679993,510.799988,4839100.0
2022-01-19,515.0,523.210022,510.51001,515.859985,4353500.0
2022-01-20,517.75,526.640015,506.929993,508.25,12659000.0
2022-01-21,400.429993,409.149994,379.98999,397.5,58904300.0
2022-01-24,383.910004,387.26001,351.459991,387.149994,32346000.0
2022-01-25,379.140015,387.709991,365.130005,366.420013,15145800.0
2022-01-26,378.269989,382.660004,356.619995,359.700012,12684000.0
2022-01-27,382.059998,394.799988,378.100006,386.700012,24324700.0
2022-01-28,386.76001,387.0,372.079987,384.359985,11966600.0
2022-01-31,401.970001,427.700012,398.200012,427.140015,20047500.0
2022-02-01,432.959991,458.480011,425.540009,457.130005,22568100.0
2022-02-02,448.25,451.980011,426.480011,429.480011,14346000.0
2022-02-03,421.440002,429.26001,404.279999,405.600006,9905200.0
2022-02-04,407.309998,412.769989,396.640015,410.170013,7789800.0
2022-02-07,410.170013,412.350006,393.549988,402.100006,8232900.0
2022-02-08,398.179993,406.609985,395.829987,403.529999,6818500.0
2022-02-09,408.649994,412.980011,398.790009,412.890015,7738200.0
2022-02-10,402.100006,408.0,396.359985,406.269989,8452900.0
2022-02-11,405.329987,411.609985,387.649994,391.309998,7558900.0
2022-02-14,387.589996,409.359985,386.890015,396.570007,7202200.0
2022-02-15,403.790009,409.160004,401.01001,407.459991,5392300.0
2022-02-16,401.529999,401.559998,390.380005,398.079987,5277700.0
2022-02-17,394.23999,399.109985,385.700012,386.670013,4669200.0
2022-02-18,392.529999,402.869995,389.049988,391.290009,6801700.0
2022-02-21,392.529999,402.869995,389.049988,391.290009,6801700.0
2022-02-22,388.950012,392.420013,373.019989,377.380005,6697500.0
2022-02-23,382.720001,386.0,366.660004,367.459991,4614300.0
2022-02-24,355.089996,390.730011,354.720001,390.029999,7068700.0
2022-02-25,386.609985,391.290009,375.579987,390.799988,4841600.0
2022-02-28,387.329987,397.75,382.130005,394.519989,5035000.0
2022-03-01,391.600006,395.0,383.709991,386.23999,3290400.0
2022-03-02,388.929993,389.220001,375.209991,380.029999,5356800.0
2022-03-03,386.0,386.119995,364.649994,368.070007,6076800.0
2022-03-04,368.0,374.820007,357.170013,361.730011,5325500.0
2022-03-07,360.410004,362.0,350.200012,350.26001,5708400.0
2022-03-08,349.799988,358.859985,340.670013,341.76001,6428700.0
2022-03-09,357.690002,364.140015,350.51001,358.790009,6520200.0
2022-03-10,356.200012,367.019989,353.299988,356.769989,4807800.0
2022-03-11,361.190002,363.359985,340.0,340.320007,4819900.0
2022-03-14,338.720001,341.320007,329.820007,331.01001,5907800.0
2022-03-15,335.100006,345.359985,332.359985,343.75,5460600.0
2022-03-16,348.200012,359.98999,343.059998,357.529999,6982500.0
2022-03-17,359.700012,373.309998,354.880005,371.399994,5818300.0
2022-03-18,372.0,381.799988,368.470001,380.600006,8324800.0
2022-03-21,378.019989,381.820007,368.940002,374.589996,4866500.0
2022-03-22,371.140015,386.660004,366.76001,382.920013,4242800.0
2022-03-23,379.769989,382.459991,374.48999,374.48999,3729000.0
2022-03-24,379.76001,379.76001,368.899994,375.709991,3888500.0
2022-03-25,377.070007,377.640015,366.429993,373.850006,3574500.0
2022-03-28,375.230011,380.279999,366.730011,378.51001,4323400.0
2022-03-29,384.390015,396.5,380.329987,391.820007,5880700.0
2022-03-30,389.549988,392.700012,378.630005,381.470001,4023300.0
2022-03-31,383.589996,384.0,373.609985,374.589996,4134700.0
2022-04-01,376.799988,380.869995,368.5,373.470001,4644200.0
2022-04-04,373.549988,396.019989,373.130005,391.5,7001800.0
2022-04-05,389.299988,390.0,377.309998,380.149994,4234500.0
2022-04-06,374.149994,376.470001,362.730011,368.350006,4354900.0
2022-04-07,365.0,368.540009,353.690002,362.149994,4948900.0
2022-04-08,361.959991,362.5,354.869995,355.880005,4025200.0
2022-04-11,350.0,354.779999,345.200012,348.0,3777100.0
2022-04-12,355.910004,359.410004,342.25,344.100006,3824300.0
2022-04-13,343.920013,352.0,341.160004,350.429993,3231000.0
2022-04-14,350.950012,352.0,339.859985,341.130005,4343800.0
2022-04-15,350.950012,352.0,339.859985,341.130005,4343800.0
2022-04-18,340.0,342.359985,331.619995,337.859985,5105000.0
2022-04-19,333.220001,351.679993,333.220001,348.609985,20906900.0
2022-04-20,245.199997,248.699997,212.509995,226.190002,133387500.0
2022-04-21,220.0,227.679993,211.520004,218.220001,53501600.0
2022-04-22,220.179993,226.270004,210.050003,215.520004,37515100.0
2022-04-25,213.809998,216.660004,204.509995,209.910004,28152000.0
2022-04-26,208.800003,209.149994,198.279999,198.399994,20318100.0
2022-04-27,194.009995,200.190002,187.770004,188.539993,22298400.0
2022-04-28,191.559998,201.479996,185.600006,199.520004,21363200.0
2022-04-29,198.679993,204.710007,190.0,190.360001,16391900.0
2022-05-02,191.710007,200.210007,190.009995,199.460007,14591600.0
2022-05-03,198.289993,203.199997,194.770004,199.869995,11839400.0
2022-05-04,197.649994,204.380005,191.009995,204.009995,12218800.0
2022-05-05,200.449997,200.710007,186.0,188.320007,13971300.0
2022-05-06,186.75,187.210007,175.809998,180.970001,17185500.0
2022-05-09,177.660004,183.199997,172.300003,173.100006,14031300.0
2022-05-10,176.009995,181.869995,170.570007,177.660004,13883900.0
2022-05-11,176.089996,180.919998,165.550003,166.369995,12665500.0
2022-05-12,163.960007,177.580002,162.710007,174.309998,17662100.0
2022-05-13,177.160004,187.770004,176.009995,187.639999,13136300.0
2022-05-16,193.300003,195.889999,185.699997,186.509995,16145000.0
2022-05-17,189.169998,191.399994,185.169998,190.559998,9876700.0
2022-05-18,186.720001,187.699997,176.270004,177.190002,9665600.0
2022-05-19,178.050003,186.300003,175.710007,183.479996,10448500.0
2022-05-20,185.869995,190.190002,179.770004,186.350006,10429400.0
2022-05-23,186.149994,187.660004,177.889999,187.440002,9602000.0
2022-05-24,182.0,184.0,177.169998,180.339996,7706400.0
2022-05-25,180.279999,188.869995,180.169998,187.830002,8522100.0
2022-05-26,186.490005,192.339996,183.089996,191.399994,8049900.0
2022-05-27,193.190002,195.25,190.369995,195.190002,8586000.0
2022-05-30,193.190002,195.25,190.369995,195.190002,8586000.0
2022-05-31,196.179993,199.949997,190.800003,197.440002,11398500.0
2022-06-01,198.699997,202.740005,191.660004,192.910004,8416200.0
2022-06-02,192.020004,205.470001,191.720001,205.089996,9623100.0
2022-06-03,200.139999,202.949997,198.050003,198.979996,7191800.0
2022-06-06,202.089996,203.869995,195.380005,197.139999,5372000.0
2022-06-07,194.869995,199.600006,193.0,198.610001,4839500.0
2022-06-08,197.949997,207.380005,197.639999,202.830002,7244100.0
2022-06-09,200.649994,201.690002,192.539993,192.770004,6949000.0
2022-06-10,182.639999,185.860001,180.850006,182.940002,13065600.0
2022-06-13,177.070007,179.089996,168.960007,169.690002,10222400.0
2022-06-14,169.75,172.059998,164.279999,167.539993,11555300.0
2022-06-15,169.259995,183.850006,168.529999,180.110001,12396000.0
2022-06-16,174.0,176.270004,171.559998,173.350006,8201300.0
2022-06-17,173.630005,179.649994,173.339996,175.509995,12133400.0
2022-06-20,173.630005,179.649994,173.339996,175.509995,12133400.0
2022-06-21,177.600006,178.619995,169.800003,170.910004,12177600.0
2022-06-22,170.75,182.820007,170.199997,178.889999,11992400.0
2022-06-23,180.5,182.759995,175.869995,181.710007,9538200.0
2022-06-24,183.5,191.190002,181.839996,190.850006,12424000.0
2022-06-27,191.770004,191.779999,182.389999,189.139999,8363900.0
2022-06-28,189.199997,192.199997,179.369995,179.600006,7185400.0
2022-06-29,179.550003,180.669998,175.100006,178.360001,5766800.0
2022-06-30,177.070007,179.449997,170.300003,174.869995,7894700.0
2022-07-01,176.490005,180.100006,174.270004,179.949997,5201600.0
2022-07-04,176.490005,180.100006,174.270004,179.949997,5201600.0
2022-07-05,176.279999,185.919998,172.679993,185.880005,7334300.0
2022-07-06,185.199997,186.220001,180.820007,184.059998,5753400.0
2022-07-07,184.270004,190.210007,183.5,189.270004,6334500.0
2022-07-08,186.020004,189.910004,182.75,186.979996,5835700.0
2022-07-11,184.729996,184.990005,176.889999,177.339996,6038800.0
2022-07-12,177.330002,179.779999,173.419998,174.449997,6845300.0
2022-07-13,170.5,179.179993,169.699997,176.559998,12734400.0
2022-07-14,175.559998,177.520004,171.820007,174.779999,9039500.0
2022-07-15,175.580002,189.220001,174.559998,189.110001,16319100.0
2022-07-18,192.5,199.669998,189.800003,190.919998,16322800.0
2022-07-19,193.020004,201.970001,188.399994,201.630005,28178700.0
2022-07-20,208.169998,216.970001,200.100006,216.440002,53920300.0
2022-07-21,214.300003,224.320007,211.5,223.880005,23430100.0
2022-07-22,222.380005,229.350006,218.440002,220.440002,17805500.0
2022-07-25,221.309998,225.229996,216.350006,218.509995,10935200.0
2022-07-26,216.660004,219.389999,211.639999,213.910004,9508500.0
2022-07-27,216.479996,227.779999,214.580002,226.75,10508400.0
2022-07-28,224.600006,228.100006,219.669998,226.020004,8972700.0
2022-07-29,223.289993,230.75,222.399994,224.899994,9064900.0
2022-08-01,223.100006,228.389999,221.0,226.210007,5525000.0
2022-08-02,222.759995,228.199997,220.880005,221.419998,6361300.0
2022-08-03,224.789993,228.100006,222.419998,226.729996,6400700.0
2022-08-04,227.679993,232.070007,225.050003,229.910004,7142700.0
2022-08-05,225.300003,228.619995,222.869995,226.779999,5539700.0
2022-08-08,227.490005,241.960007,226.410004,233.490005,10982100.0
2022-08-09,231.619995,232.199997,224.649994,229.940002,6181200.0
2022-08-10,236.990005,244.539993,236.600006,244.110001,9254800.0
2022-08-11,244.679993,251.619995,241.509995,242.699997,8780100.0
2022-08-12,244.809998,249.410004,243.759995,249.300003,6098500.0
2022-08-15,248.110001,251.990005,247.509995,249.110001,6527400.0
2022-08-16,247.160004,249.289993,244.029999,245.690002,5136800.0
2022-08-17,241.179993,244.240005,237.559998,241.149994,5627200.0
2022-08-18,241.960007,246.479996,239.279999,245.169998,5280400.0
2022-08-19,240.949997,243.289993,235.679993,241.160004,7504700.0
2022-08-22,232.550003,233.479996,224.589996,226.539993,8630100.0
2022-08-23,226.460007,229.899994,224.300003,224.550003,5276900.0
2022-08-24,225.660004,234.100006,223.940002,229.610001,5426300.0
2022-08-25,230.240005,234.160004,229.0,233.979996,3766900.0
2022-08-26,233.630005,236.949997,223.149994,223.279999,5349800.0
2022-08-29,221.929993,229.869995,221.520004,224.570007,7109400.0
2022-08-30,226.660004,229.789993,218.740005,220.649994,5740400.0
2022-08-31,227.0,233.880005,223.429993,223.559998,8615900.0
2022-09-01,220.720001,230.369995,219.470001,230.039993,7292900.0
2022-09-02,231.029999,233.880005,225.039993,226.110001,8164900.0
2022-09-05,231.029999,233.880005,225.039993,226.110001,8164900.0
2022-09-06,225.589996,226.850006,214.690002,218.389999,7469000.0
2022-09-07,220.210007,229.330002,218.270004,228.960007,8149300.0
2022-09-08,224.160004,228.740005,221.300003,227.440002,6737400.0
2022-09-09,229.619995,234.779999,229.619995,233.570007,6699600.0
2022-09-12,233.610001,239.490005,233.369995,236.529999,6047400.0
2022-09-13,226.5,227.690002,217.720001,218.130005,8000100.0
2022-09-14,219.820007,228.0,215.800003,224.119995,8230300.0
2022-09-15,230.470001,242.289993,229.100006,235.380005,19454100.0
2022-09-16,231.220001,241.360001,227.830002,240.130005,18914200.0
2022-09-19,245.050003,245.25,235.75,243.630005,17912400.0
2022-09-20,240.369995,250.490005,239.660004,242.850006,16037400.0
2022-09-21,242.669998,248.300003,236.679993,236.869995,9166800.0
2022-09-22,235.350006,240.5,231.660004,237.050003,10018000.0
2022-09-23,235.139999,236.449997,221.429993,226.410004,11207200.0
2022-09-26,225.600006,232.699997,223.009995,224.070007,8234300.0
2022-09-27,228.630005,230.639999,220.720001,224.360001,7762200.0
2022-09-28,229.690002,246.649994,227.380005,245.199997,17579700.0
2022-09-29,241.610001,246.979996,235.679993,239.710007,18994900.0
2022-09-30,237.0,242.440002,233.259995,235.440002,11848600.0
2022-10-03,237.850006,241.539993,232.850006,239.039993,8657400.0
2022-10-04,244.839996,245.800003,233.25,240.740005,13925900.0
2022-10-05,238.759995,241.589996,227.380005,236.729996,10825600.0
2022-10-06,236.679993,244.279999,233.910004,240.020004,9188900.0
2022-10-07,235.770004,237.330002,224.279999,224.75,9806100.0
2022-10-10,225.639999,233.830002,224.229996,229.979996,9991100.0
2022-10-11,226.050003,230.440002,213.699997,214.289993,15282400.0
2022-10-12,214.300003,223.669998,212.639999,220.869995,12952600.0
2022-10-13,212.690002,234.470001,211.729996,232.509995,17505000.0
2022-10-14,237.800003,238.800003,229.509995,230.0,15293400.0
2022-10-17,234.410004,249.919998,234.399994,245.100006,21057800.0
2022-10-18,249.800003,250.369995,237.729996,240.860001,25776700.0
2022-10-19,265.0,279.299988,262.660004,272.380005,46685300.0
2022-10-20,272.779999,278.380005,266.380005,268.160004,17207100.0
2022-10-21,268.950012,290.75,265.679993,289.570007,24889100.0
2022-10-24,290.230011,290.48999,280.359985,282.450012,13326400.0
2022-10-25,286.950012,297.589996,285.549988,291.019989,15100700.0
2022-10-26,290.040009,305.630005,288.040009,298.619995,15714100.0
2022-10-27,298.329987,305.209991,294.779999,296.940002,14612600.0
2022-10-28,297.700012,301.190002,292.290009,295.720001,9960500.0
2022-10-31,295.130005,297.619995,289.5,291.880005,7505100.0
2022-11-01,296.170013,299.700012,286.420013,286.75,6916400.0
2022-11-02,286.399994,287.329987,272.839996,273.0,10367600.0
2022-11-03,271.25,276.290009,268.799988,269.059998,7057400.0
2022-11-04,272.019989,274.970001,255.320007,260.790009,11124700.0
2022-11-07,261.059998,261.149994,252.089996,258.600006,7927000.0
2022-11-08,259.920013,266.079987,256.880005,263.459991,7683800.0
2022-11-09,259.660004,260.899994,254.220001,254.660004,7266000.0
2022-11-10,265.98999,275.359985,260.089996,274.970001,9667300.0
2022-11-11,274.470001,290.660004,271.559998,290.130005,9573800.0
2022-11-14,290.0,311.0,288.190002,299.269989,17978200.0
2022-11-15,309.200012,312.709991,302.549988,310.200012,14626900.0
2022-11-16,309.940002,310.48999,303.609985,306.019989,8038600.0
2022-11-17,294.720001,299.820007,291.0,295.279999,9838200.0
2022-11-18,297.329987,298.0,287.0,287.980011,8400100.0
2022-11-21,291.0,291.869995,282.660004,285.049988,7256500.0
2022-11-22,284.98999,286.980011,277.339996,286.690002,6245100.0
2022-11-23,285.910004,292.470001,283.76001,291.5,5919000.0
2022-11-24,285.910004,292.470001,283.76001,291.5,5919000.0
2022-11-25,289.0,289.209991,284.170013,285.540009,3236000.0
2022-11-28,284.0,289.549988,280.529999,281.170013,4703400.0
2022-11-29,282.5,282.959991,275.940002,280.959991,5786900.0
2022-11-30,281.369995,308.26001,280.410004,305.529999,16070100.0
2022-12-01,303.98999,319.799988,303.029999,316.950012,14664900.0
2022-12-02,310.48999,321.98999,310.0,320.410004,12690600.0
2022-12-05,316.459991,322.769989,310.920013,312.589996,8423000.0
2022-12-06,311.0,313.220001,303.130005,305.559998,7195400.0
2022-12-07,306.5,309.609985,302.100006,308.420013,7821600.0
2022-12-08,309.109985,312.380005,304.809998,310.26001,7205300.0
2022-12-09,321.450012,329.0,319.519989,320.01001,14364000.0
2022-12-12,320.0,323.179993,308.850006,315.179993,10148600.0
2022-12-13,328.0,332.720001,317.200012,320.339996,10756400.0
2022-12-14,318.970001,324.709991,314.420013,317.829987,7543300.0
2022-12-15,302.119995,303.390015,286.549988,290.410004,17724600.0
2022-12-16,288.76001,294.720001,288.700012,290.709991,14080000.0
2022-12-19,289.730011,292.25,286.130005,288.299988,6163700.0
2022-12-20,281.23999,289.279999,280.809998,288.190002,6918100.0
2022-12-21,289.98999,300.660004,286.5,297.959991,6376200.0
2022-12-22,298.089996,298.880005,290.809998,297.75,7856200.0
2022-12-23,296.179993,298.459991,291.910004,294.959991,4251100.0
2022-12-26,296.179993,298.459991,291.910004,294.959991,4251100.0
2022-12-27,293.190002,293.570007,282.130005,284.170013,5778100.0
2022-12-28,281.920013,285.190002,273.410004,276.880005,5964400.0
2022-12-29,283.179993,295.5,281.01001,291.119995,9588500.0
2022-12-30,285.529999,295.01001,283.220001,294.880005,7566900.0
2023-01-02,285.529999,295.01001,283.220001,294.880005,7566900.0
2023-01-03,298.059998,298.390015,288.700012,294.950012,6764000.0
2023-01-04,298.23999,311.140015,295.51001,309.410004,9345100.0
2023-01-05,307.0,314.179993,304.549988,309.700012,8328400.0
2023-01-06,311.570007,316.769989,303.690002,315.549988,8959800.0
2023-01-09,316.829987,321.700012,313.220001,315.170013,6766600.0
2023-01-10,311.070007,329.350006,311.070007,327.540009,13072300.0
2023-01-11,326.5,328.880005,321.350006,327.26001,9579700.0
2023-01-12,332.5,332.950012,323.140015,330.130005,10856200.0
2023-01-13,329.970001,336.649994,328.890015,332.820007,8286800.0
2023-01-16,329.970001,336.649994,328.890015,332.820007,8286800.0
2023-01-17,331.079987,332.5,323.600006,326.220001,9247000.0
2023-01-18,326.75,330.079987,321.25,326.329987,7814100.0
2023-01-19,322.570007,324.890015,313.390015,315.779999,18008200.0
2023-01-20,336.790009,344.0,332.630005,342.5,28430300.0
2023-01-23,341.720001,362.25,340.630005,357.420013,15646900.0
2023-01-24,357.529999,365.649994,355.140015,363.829987,11796500.0
2023-01-25,360.570007,368.899994,358.5,367.959991,7766900.0
2023-01-26,368.769989,369.019989,361.700012,364.869995,8256800.0
2023-01-27,363.200012,365.920013,360.589996,360.769989,6703500.0
2023-01-30,358.440002,360.950012,352.859985,353.109985,5127600.0
2023-01-31,349.980011,355.950012,348.709991,353.859985,5660700.0
2023-02-01,353.859985,365.390015,349.910004,361.98999,8005200.0
2023-02-02,365.160004,368.320007,358.429993,366.890015,7857000.0
2023-02-03,359.079987,379.429993,359.0,365.899994,9402000.0
2023-02-06,363.640015,368.450012,360.679993,361.480011,4994900.0
2023-02-07,358.51001,364.179993,354.179993,362.950012,6289400.0
2023-02-08,360.019989,368.190002,358.309998,366.829987,6253200.0
2023-02-09,372.410004,373.829987,361.73999,362.5,6901100.0
2023-02-10,359.160004,362.140015,347.140015,347.359985,7291100.0
2023-02-13,349.5,359.700012,344.25,358.570007,7134400.0
2023-02-14,357.549988,363.75,353.399994,359.959991,4624800.0
2023-02-15,356.630005,362.880005,354.23999,361.420013,3966000.0
2023-02-16,355.0,361.5,350.309998,350.709991,5215700.0
2023-02-17,347.910004,349.0,342.440002,347.959991,5294700.0
2023-02-20,347.910004,349.0,342.440002,347.959991,5294700.0
2023-02-21,342.850006,344.130005,336.420013,337.5,5710300.0
2023-02-22,337.5,341.910004,332.820007,334.880005,4546200.0
2023-02-23,331.230011,331.279999,314.299988,323.649994,13238700.0
2023-02-24,319.299988,321.5,314.519989,317.149994,6830700.0
2023-02-27,323.869995,330.0,322.119995,323.029999,6142600.0
2023-02-28,323.700012,327.619995,321.170013,322.130005,3676100.0
2023-03-01,321.549988,326.600006,312.359985,313.480011,4911300.0
2023-03-02,310.959991,315.570007,310.380005,311.880005,4911000.0
2023-03-03,315.450012,317.48999,310.820007,315.179993,5953300.0
2023-03-06,317.0,323.299988,311.839996,312.029999,5660700.0
2023-03-07,312.679993,314.299988,306.619995,308.470001,4553100.0
2023-03-08,309.290009,311.829987,305.75,311.790009,3479500.0
2023-03-09,312.079987,312.51001,294.880005,297.779999,7443400.0
2023-03-10,297.899994,298.790009,289.0,292.76001,5759300.0
2023-03-13,287.339996,299.23999,285.329987,293.51001,6292400.0
2023-03-14,295.970001,297.450012,290.309998,294.940002,5956700.0
2023-03-15,292.51001,306.309998,292.279999,303.790009,9215300.0
2023-03-16,304.75,316.600006,301.709991,310.059998,7903700.0
2023-03-17,310.059998,310.76001,300.0,303.5,6918800.0
2023-03-20,299.790009,307.5,296.0,305.130005,5113400.0
2023-03-21,306.320007,307.920013,300.429993,305.790009,4886300.0
2023-03-22,306.309998,306.450012,293.540009,293.899994,5808000.0
2023-03-23,304.679993,322.779999,304.140015,320.369995,15653300.0
2023-03-24,320.630005,331.829987,320.630005,328.390015,12991700.0
2023-03-27,327.549988,336.440002,324.410004,327.660004,8625800.0
2023-03-28,326.059998,333.320007,321.279999,323.519989,6489400.0
2023-03-29,326.290009,332.850006,325.730011,332.029999,6287300.0
2023-03-30,340.269989,343.290009,335.299988,338.429993,7131500.0
2023-03-31,340.049988,345.839996,337.200012,345.480011,5610200.0
2023-04-03,341.829987,348.579987,340.399994,348.279999,4413700.0
2023-04-04,348.48999,349.799988,343.950012,346.75,3298100.0
2023-04-05,345.299988,345.429993,336.25,342.350006,4205500.0
2023-04-06,339.339996,340.480011,332.630005,339.329987,4660500.0
2023-04-07,339.339996,340.480011,332.630005,339.329987,4660500.0
2023-04-10,335.269989,339.880005,333.359985,338.98999,2657900.0
2023-04-11,343.450012,347.140015,337.640015,338.209991,4044800.0
2023-04-12,340.809998,342.799988,330.040009,331.029999,3965400.0
2023-04-13,339.98999,346.429993,338.75,346.190002,7406400.0
2023-04-14,342.940002,344.850006,336.410004,338.630005,5350500.0
2023-04-17,338.0,338.390015,327.5,332.720001,6136000.0
2023-04-18,335.0,337.190002,330.5,333.700012,17944500.0
2023-04-19,324.209991,325.75,316.100006,323.119995,22128300.0
2023-04-20,320.390015,331.429993,318.329987,325.350006,9947800.0
2023-04-21,323.0,328.290009,319.5,327.980011,6348000.0
2023-04-24,330.200012,334.660004,326.75,329.019989,5586600.0
2023-04-25,328.5,328.660004,321.100006,322.549988,5426600.0
2023-04-26,321.359985,325.899994,320.470001,321.149994,4623200.0
2023-04-27,324.299988,327.450012,317.440002,325.850006,5618800.0
2023-04-28,325.23999,330.809998,324.0,329.929993,4221900.0
2023-05-01,329.440002,331.230011,318.089996,324.119995,5341500.0
2023-05-02,325.0,326.070007,315.619995,317.549988,4318600.0
2023-05-03,317.549988,324.619995,315.850006,319.299988,5064100.0
2023-05-04,319.01001,323.609985,317.950012,320.779999,3879700.0
2023-05-05,323.609985,324.149994,319.440002,322.76001,3988600.0
2023-05-08,322.98999,332.559998,322.029999,331.209991,5488600.0
2023-05-09,330.670013,336.320007,329.73999,332.140015,5544900.0
2023-05-10,335.209991,337.109985,329.51001,335.420013,4289900.0
2023-05-11,334.980011,345.470001,331.839996,344.76001,8033500.0
2023-05-12,344.76001,348.170013,337.359985,339.890015,6079900.0
2023-05-15,340.619995,341.899994,335.540009,335.890015,3653000.0
2023-05-16,334.0,335.170013,331.910004,333.75,3332200.0
2023-05-17,331.76001,341.380005,329.619995,339.959991,3958800.0
2023-05-18,347.25,375.869995,346.369995,371.290009,20925200.0
2023-05-19,369.859985,369.98999,363.809998,365.359985,7850900.0
2023-05-22,365.359985,372.01001,362.5,363.01001,5406400.0
2023-05-23,360.23999,364.170013,354.309998,355.98999,6866100.0
2023-05-24,356.929993,367.149994,356.630005,364.850006,7973300.0
2023-05-25,359.609985,367.450012,357.420013,359.0,6263100.0
2023-05-26,361.100006,383.76001,356.0,378.880005,9360400.0
2023-05-29,361.100006,383.76001,356.0,378.880005,9360400.0
2023-05-30,397.480011,405.109985,385.790009,392.980011,10865000.0
2023-05-31,391.890015,396.26001,388.910004,395.230011,6988000.0
2023-06-01,397.410004,407.519989,393.079987,403.130005,7160100.0
2023-06-02,402.890015,406.579987,395.899994,400.470001,5897300.0
2023-06-05,400.470001,413.859985,400.149994,403.540009,7247400.0
2023-06-06,405.0,405.119995,396.929993,399.290009,4991500.0
2023-06-07,410.429993,418.950012,399.230011,399.769989,11932400.0
2023-06-08,399.769989,409.540009,396.339996,409.369995,5991100.0
2023-06-09,424.5,425.899994,414.76001,420.019989,12363000.0
2023-06-12,418.829987,424.700012,416.570007,423.970001,5959500.0
2023-06-13,430.01001,437.269989,428.399994,435.730011,7820500.0
2023-06-14,434.98999,447.329987,433.5,440.859985,8413100.0
2023-06-15,444.100006,448.649994,439.5,445.269989,7099900.0
2023-06-16,446.149994,447.51001,430.899994,431.959991,8745500.0
2023-06-19,446.149994,447.51001,430.899994,431.959991,8745500.0
2023-06-20,430.179993,440.0,430.0,434.700012,4756000.0
2023-06-21,432.649994,434.549988,422.540009,424.450012,5146400.0
2023-06-22,422.929993,424.709991,418.679993,422.480011,4869500.0
2023-06-23,418.589996,425.820007,417.730011,424.019989,8293900.0
2023-06-26,422.440002,430.959991,414.899994,415.940002,4640000.0
2023-06-27,417.390015,420.880005,411.5,417.079987,4818100.0
2023-06-28,423.100006,437.290009,422.890015,429.839996,8811300.0
2023-06-29,434.329987,437.850006,426.149994,428.23999,4932300.0
2023-06-30,431.100006,444.119995,431.100006,440.48999,7342000.0
2023-07-03,439.76001,441.549988,431.619995,441.440002,3733200.0
2023-07-04,439.76001,441.549988,431.619995,441.440002,3733200.0
2023-07-05,444.910004,450.970001,439.619995,445.899994,6869500.0
2023-07-06,440.0,442.799988,430.720001,438.839996,4938800.0
2023-07-07,438.600006,442.329987,435.839996,438.100006,4160100.0
2023-07-10,438.519989,444.410004,436.820007,441.709991,4251700.0
2023-07-11,438.649994,440.799988,431.040009,440.209991,4574600.0
2023-07-12,444.549988,445.410004,437.75,444.049988,5731700.0
2023-07-13,447.0,451.670013,441.179993,450.380005,6157500.0
2023-07-14,452.790009,456.480011,439.700012,441.910004,7184900.0
2023-07-17,445.570007,456.679993,445.109985,450.049988,6891700.0
2023-07-18,451.0,478.149994,448.779999,474.799988,13196900.0
2023-07-19,476.859985,485.0,470.0,477.589996,20996500.0
2023-07-20,447.0,448.5,432.0,437.420013,23989700.0
2023-07-21,437.369995,438.23999,423.190002,427.5,17303700.0
2023-07-24,425.0,428.640015,419.190002,428.369995,8264400.0
2023-07-25,427.179993,430.880005,426.130005,427.700012,4859800.0
2023-07-26,424.200012,425.26001,415.589996,422.670013,6009200.0
2023-07-27,426.899994,427.519989,411.880005,413.170013,6594500.0
2023-07-28,415.559998,427.470001,413.76001,425.779999,6424200.0
2023-07-31,426.51001,439.130005,426.299988,438.970001,6587600.0
2023-08-01,437.369995,445.25,431.399994,438.619995,5711500.0
2023-08-02,435.230011,435.559998,426.559998,429.700012,4912200.0
2023-08-03,427.799988,441.929993,427.190002,431.0,6243900.0
2023-08-04,433.059998,436.5,426.269989,431.600006,5439700.0
2023-08-07,436.459991,441.109985,428.910004,440.76001,4781300.0
2023-08-08,440.359985,443.570007,435.100006,438.299988,3767200.0
2023-08-09,439.73999,440.619995,427.589996,428.899994,3846600.0
2023-08-10,431.119995,438.119995,428.690002,429.980011,5467600.0
2023-08-11,428.980011,430.630005,421.329987,421.660004,3925200.0
2023-08-14,421.98999,428.850006,418.779999,427.779999,3966000.0
2023-08-15,424.410004,429.119995,421.040009,423.700012,3368000.0
2023-08-16,423.730011,424.51001,415.25,415.450012,3967000.0
2023-08-17,415.0,415.23999,401.579987,403.0,6031500.0
2023-08-18,399.329987,406.519989,398.149994,404.529999,4309200.0
2023-08-21,402.230011,409.609985,399.5,408.290009,3861600.0
2023-08-22,409.0,415.73999,407.399994,413.170013,3603300.0
2023-08-23,418.399994,437.019989,417.709991,427.549988,8174700.0
2023-08-24,425.410004,427.589996,406.170013,406.929993,5687800.0
2023-08-25,412.0,419.25,407.559998,416.029999,5390900.0
2023-08-28,418.040009,419.829987,413.269989,418.059998,2928600.0
2023-08-29,416.0,432.170013,414.5,429.98999,4486700.0
2023-08-30,430.850006,438.160004,428.350006,434.670013,3625400.0
2023-08-31,431.230011,437.149994,431.230011,433.679993,3803000.0
2023-09-01,437.730011,445.5,435.929993,439.880005,4792100.0
2023-09-04,437.730011,445.5,435.929993,439.880005,4792100.0
2023-09-05,438.390015,453.450012,438.0,448.679993,6155900.0
2023-09-06,448.609985,451.390015,440.48999,445.76001,3862300.0
2023-09-07,441.149994,444.600006,436.700012,443.140015,2922700.0
2023-09-08,443.559998,446.809998,438.850006,442.799988,2697500.0
2023-09-11,443.070007,449.890015,442.75,445.359985,2913800.0
2023-09-12,442.850006,445.440002,434.119995,434.690002,3124000.0
2023-09-13,435.5,438.399994,410.690002,412.23999,11843000.0
2023-09-14,410.399994,411.390015,400.0,400.48999,10709000.0
2023-09-15,401.0,404.700012,395.029999,396.940002,9110700.0
2023-09-18,395.5,399.470001,392.600006,394.399994,4704700.0
2023-09-19,392.839996,398.230011,390.25,396.200012,4076800.0
2023-09-20,397.049988,397.98999,386.119995,386.299988,3866600.0
2023-09-21,386.5,395.899994,383.420013,384.149994,5547900.0
2023-09-22,385.0,386.880005,378.359985,379.809998,3692800.0
2023-09-25,382.899994,386.619995,380.809998,384.799988,3757300.0
2023-09-26,382.880005,384.559998,377.359985,379.25,4089400.0
2023-09-27,382.399994,384.220001,376.25,377.589996,3843500.0
2023-09-28,375.600006,378.959991,371.100006,376.359985,4369900.0
2023-09-29,380.0,382.579987,375.350006,377.600006,4198700.0
2023-10-02,377.480011,384.809998,376.799988,380.329987,3102100.0
2023-10-03,377.109985,394.899994,372.850006,376.75,8878100.0
2023-10-04,376.5,380.220001,373.579987,376.899994,4303700.0
2023-10-05,378.01001,378.600006,367.23999,372.589996,5034800.0
2023-10-06,368.429993,382.519989,367.769989,381.51001,4773400.0
2023-10-09,378.049988,387.170013,377.76001,385.950012,3299800.0
2023-10-10,385.579987,388.700012,372.25,373.320007,7288900.0
2023-10-11,372.779999,377.809998,365.339996,365.929993,9151400.0
2023-10-12,366.480011,368.829987,359.049988,361.200012,7376100.0
2023-10-13,355.640015,358.929993,352.049988,355.679993,6312600.0
2023-10-16,356.209991,363.079987,354.769989,360.820007,5119100.0
